ICP,Persona,Workflow Pain,Value Message
Banking,Executive,"Payments, KYC, and dispute workflows fail due to skipped validations",Completion stops revenue leakage and protects regulatory exposure
Banking,Operations,Incomplete steps create rework and escalations,Callvu removes variability and ensures every agent executes identically
Banking,Technical,Multi-system KYC/payment flows are brittle,Callvu overlays systems without touching the core; zero refactor
Banking,Compliance,Disclosures and identity checks get skipped,Callvu enforces regulatory steps so non-compliance becomes impossible
Banking,AI Team,"AI misfires on identity, eligibility, or branching",Callvu gives your AI a deterministic execution engine
Banking,Procurement,Rework drives high cost-to-serve,Completion cuts OpEx by eliminating repeat contacts and remediation
Insurance,Executive,FNOL inputs incomplete; claims delayed,Completion accelerates claims cycle time and reduces loss cost
Insurance,Operations,"FNOL, photo, and document steps skipped",Deterministic intake removes adjuster rework and inconsistencies
Insurance,Technical,Policy/FNOL workflows span old core systems,Callvu integrates lightly with Guidewire/Duck Creek without disruption
Insurance,Compliance,State-mandated steps missed,Callvu enforces state requirements with audit-grade proof
Insurance,AI Team,AI cannot ensure complete FNOL capture,Callvu guarantees correct intake before AI hands off
Insurance,Procurement,Backlogs drive cost overruns,"Completion cuts cycle time, lowering admin expenses"
Telco,Executive,Identity and billing/provisioning failures drive churn,Callvu boosts containment and reduces churn by ensuring transactions finish
Telco,Operations,Offshore agents omit critical steps,Callvu makes every agent follow the same enforced process
Telco,Technical,Billing/provisioning stack is fragile,Callvu orchestrates outside billing; no changes inside the stack
Telco,Compliance,Required identity and disclosure steps skipped,Callvu enforces disclosures and validations every time
Telco,AI Team,AI fails when backend workflows break,Callvu provides a deterministic execution layer for AI
Telco,Procurement,High repeat-contact rates inflate operational costs,Completion eliminates repeated calls and incorrect transactions
Utilities,Executive,Move-in/out and payment arrangement failures harm satisfaction,Completion stabilizes service-critical workflows and improves CSAT
Utilities,Operations,Agents skip ID or eligibility checks,Callvu enforces every required step and reduces field complaints
Utilities,Technical,CIS cannot be modified,Callvu overlays CIS via API/RPA without touching legacy systems
Utilities,Compliance,PUC-required steps drift in agent channels,Callvu guarantees structural compliance and auditability
Utilities,AI Team,AI struggles with eligibility and branching,Callvu handles deterministic logic while AI handles conversation
Utilities,Procurement,Failure-driven callbacks spike cost,Completion eliminates rework and reduces peak load
Travel & eCommerce,Executive,"Payment retries, booking changes, and refunds fail",Completion protects revenue and reduces refund backlog
Travel & eCommerce,Operations,Missing or incorrect data forces manual resolution,Callvu standardizes workflows and removes repeat contacts
Travel & eCommerce,Technical,Modifications touch multiple backend systems,Callvu executes multi-system updates without altering checkout
Travel & eCommerce,Compliance,Identity/payment missteps increase risk,Callvu enforces verification and provides audit traceability
Travel & eCommerce,AI Team,AI fails on complex booking modification paths,"Callvu executes changes deterministically, preventing AI drift"
Travel & eCommerce,Procurement,High intervention cost due to failures,Completion reduces cost-to-serve and improves margins
Healthcare Providers,Executive,Insurance verification and prereg incomplete; denials rise,Completion reduces denials and accelerates collections
Healthcare Providers,Operations,Patients skip document and insurance steps,Callvu ensures complete intake and reduces front-office workload
Healthcare Providers,Technical,EHR workflows are rigid,Callvu handles patient-facing steps without altering Epic/Cerner
Healthcare Providers,Compliance,Required HIPAA/consent steps skipped,Callvu enforces all required steps with full audit evidence
Healthcare Providers,AI Team,AI misreads insurance/doc branching logic,Callvu ensures deterministic execution before/after AI
Healthcare Providers,Procurement,Denials and rework inflate admin costs,Completion cuts administrative waste and improves throughput
Mortgage Servicers,Executive,Loss mit and hardship workflows fail; borrower harm risk,Completion reduces regulatory exposure and accelerates resolution
Mortgage Servicers,Operations,Missing docs and skipped eligibility steps,Callvu enforces documentation and eligibility every time
Mortgage Servicers,Technical,MSP/servicing platforms inflexible,Callvu orchestrates workflows without modifying MSP
Mortgage Servicers,Compliance,QC catches errors too late,Callvu prevents errors upstream via structured enforcement
Mortgage Servicers,AI Team,AI misclassifies hardship branching,Callvu executes compliant branching and prevents AI errors
Mortgage Servicers,Procurement,Manual processing drives servicing cost,Completion eliminates rework and reduces servicing expenses
Secondary ICPs,Executive,"Identity, payment, and document workflows fail across channels",Completion increases throughput and reduces churn/friction
Secondary ICPs,Operations,Agents skip steps or collect incorrect data,Callvu standardizes execution and removes variability
Secondary ICPs,Technical,Legacy platforms difficult to modify,Callvu overlays without core rewrites; rapid deployment
Secondary ICPs,Compliance,"Policy, ADA, or security steps skipped","Callvu enforces compliance structurally, not procedurally"
Secondary ICPs,AI Team,AI cannot enforce structured requirements,Callvu provides deterministic execution for AI-driven workflows
Secondary ICPs,Procurement,Failure-driven rework inflates costs,Completion reduces operational burden and supports scale
,,,
,,,
,,,
,,,
,,,
,,,
,,,
,,,
,,,
,,,
,,,
,,,
,,,
,,,
,,,
,,,
,,,
,,,
,,,
,,,
,,,
,,,
,,,
,,,
,,,
,,,
,,,
,,,
,,,
,,,
,,,
,,,
,,,
,,,
,,,
,,,
,,,
,,,
,,,
,,,
,,,
,,,
,,,
,,,
,,,
,,,
,,,
,,,
,,,
,,,
,,,
,,,
,,,
,,,
,,,
,,,
,,,
,,,
,,,
,,,
,,,
,,,
,,,
,,,
,,,
,,,
,,,
,,,
,,,
,,,
,,,
,,,
,,,
,,,
,,,
,,,
,,,
,,,
,,,
,,,
,,,
,,,
,,,
,,,
,,,
,,,
,,,
,,,
,,,
,,,
,,,
,,,
,,,
,,,
,,,
,,,
,,,
,,,
,,,
,,,
,,,
,,,
,,,
,,,
,,,
,,,
,,,
,,,
,,,
,,,
,,,
,,,
,,,
,,,
,,,
,,,
,,,
,,,
,,,
,,,
,,,
,,,
,,,
,,,
,,,
,,,
,,,
,,,
,,,
,,,
,,,
,,,
,,,
,,,
,,,
,,,
,,,
,,,
,,,
,,,
,,,
,,,
,,,
,,,
,,,
,,,
,,,
,,,
,,,
,,,
,,,
,,,
,,,
,,,
,,,
,,,
,,,
,,,
,,,
,,,
,,,
,,,
,,,
,,,
,,,
,,,
,,,
,,,
,,,
,,,
,,,
,,,
,,,
,,,
,,,
,,,
,,,
,,,
,,,
,,,
,,,
,,,
,,,
,,,
,,,
,,,
,,,
,,,
,,,
,,,
,,,
,,,
,,,
,,,
,,,
,,,
,,,
,,,
,,,
,,,
,,,
,,,
,,,
,,,
,,,
,,,
,,,
,,,
,,,
,,,
,,,
,,,
,,,
,,,
,,,
,,,
,,,
,,,
,,,
,,,
,,,
,,,
,,,
,,,
,,,
,,,
,,,
,,,
,,,
,,,
,,,
,,,
,,,
,,,
,,,
,,,
,,,
,,,
,,,
,,,
,,,
,,,
,,,
,,,
,,,
,,,
,,,
,,,
,,,
,,,
,,,
,,,
,,,
,,,
,,,
,,,
,,,
,,,
,,,
,,,
,,,
,,,
,,,
,,,
,,,
,,,
,,,
,,,
,,,
,,,
,,,
,,,
,,,
,,,
,,,
,,,
,,,
,,,
,,,
,,,
,,,
,,,
,,,
,,,
,,,
,,,
,,,
,,,
,,,
,,,
,,,
,,,
,,,
,,,
,,,
,,,
,,,
,,,
,,,
,,,
,,,
,,,
,,,
,,,
,,,
,,,
,,,
,,,
,,,
,,,
,,,
,,,
,,,
,,,
,,,
,,,
,,,
,,,
,,,
,,,
,,,
,,,
,,,
,,,
,,,
,,,
,,,
,,,
,,,
,,,
,,,
,,,
,,,
,,,
,,,
,,,
,,,
,,,
,,,
,,,
,,,
,,,
,,,
,,,
,,,
,,,
,,,
,,,
,,,
,,,
,,,
,,,
,,,
,,,
,,,
,,,
,,,
,,,
,,,
,,,
,,,
,,,
,,,
,,,
,,,
,,,
,,,
,,,
,,,
,,,
,,,
,,,
,,,
,,,
,,,
,,,
,,,
,,,
,,,
,,,
,,,
,,,
,,,
,,,
,,,
,,,
,,,
,,,
,,,
,,,
,,,
,,,
,,,
,,,
,,,
,,,
,,,
,,,
,,,
,,,
,,,
,,,
,,,
,,,
,,,
,,,
,,,
,,,
,,,
,,,
,,,
,,,
,,,
,,,
,,,
,,,
,,,
,,,
,,,
,,,
,,,
,,,
,,,
,,,
,,,
,,,
,,,
,,,
,,,
,,,
,,,
,,,
,,,
,,,
,,,
,,,
,,,
,,,
,,,
,,,
,,,
,,,
,,,
,,,
,,,
,,,
,,,
,,,
,,,
,,,
,,,
,,,
,,,
,,,
,,,
,,,
,,,
,,,
,,,
,,,
,,,
,,,
,,,
,,,
,,,
,,,
,,,
,,,
,,,
,,,
,,,
,,,
,,,
,,,
,,,
,,,
,,,
,,,
,,,
,,,
,,,
,,,
,,,
,,,
,,,
,,,
,,,
,,,
,,,
,,,
,,,
,,,
,,,
,,,
,,,
,,,
,,,
,,,
,,,
,,,
,,,
,,,
,,,
,,,
,,,
,,,
,,,
,,,
,,,
,,,
,,,
,,,
,,,
,,,
,,,
,,,
,,,
,,,
,,,
,,,
,,,
,,,
,,,
,,,
,,,
,,,
,,,
,,,
,,,
,,,
,,,
,,,
,,,
,,,
,,,
,,,
,,,
,,,
,,,
,,,
,,,
,,,
,,,
,,,
,,,
,,,
,,,
,,,
,,,
,,,
,,,
,,,
,,,
,,,
,,,
,,,
,,,
,,,
,,,
,,,
,,,
,,,
,,,
,,,
,,,
,,,
,,,
,,,
,,,
,,,
,,,
,,,
,,,
,,,
,,,
,,,
,,,
,,,
,,,
,,,
,,,
,,,
,,,
,,,
,,,
,,,
,,,
,,,
,,,
,,,
,,,
,,,
,,,
,,,
,,,
,,,
,,,
,,,
,,,
,,,
,,,
,,,
,,,
,,,
,,,
,,,
,,,
,,,
,,,
,,,
,,,
,,,
,,,
,,,
,,,
,,,
,,,
,,,
,,,
,,,
,,,
,,,
,,,
,,,
,,,
,,,
,,,
,,,
,,,
,,,
,,,
,,,
,,,
,,,
,,,
,,,
,,,
,,,
,,,
,,,
,,,
,,,
,,,
,,,
,,,
,,,
,,,
,,,
,,,
,,,
,,,
,,,
,,,
,,,
,,,
,,,
,,,
,,,
,,,
,,,
,,,
,,,
,,,
,,,
,,,
,,,
,,,
,,,
,,,
,,,
,,,
,,,
,,,
,,,
,,,
,,,
,,,
,,,
,,,
,,,
,,,
,,,
,,,
,,,
,,,
,,,
,,,
,,,
,,,
,,,
,,,
,,,
,,,
,,,
,,,
,,,
,,,
,,,
,,,
,,,
,,,
,,,
,,,
,,,
,,,
,,,
,,,
,,,
,,,
,,,
,,,
,,,
,,,
,,,
,,,
,,,
,,,
,,,
,,,
,,,
,,,
,,,
,,,
,,,
,,,
,,,
,,,
,,,
,,,
,,,
,,,
,,,
,,,
,,,
,,,
,,,
,,,
,,,
,,,
,,,
,,,
,,,
,,,
,,,
,,,
,,,
,,,
,,,
,,,
,,,
,,,
,,,
,,,
,,,
,,,
,,,
,,,
,,,
,,,
,,,
,,,
,,,
,,,
,,,
,,,
,,,
,,,
,,,
,,,
,,,
,,,
,,,
,,,
,,,
,,,
,,,
,,,
,,,
,,,
,,,
,,,
,,,
,,,
,,,
,,,
,,,
,,,
,,,
,,,
,,,
,,,
,,,
,,,
,,,
,,,
,,,
,,,
,,,
,,,
,,,
,,,
,,,
,,,
,,,
,,,
,,,
,,,
,,,
,,,
,,,
,,,
,,,
,,,
,,,
,,,
,,,
,,,
,,,
,,,
,,,
,,,
,,,
,,,
,,,
,,,
,,,
,,,
,,,
,,,
,,,
,,,
,,,
,,,
,,,
,,,
,,,
,,,
,,,
,,,
,,,
,,,
,,,
,,,
,,,
,,,
,,,
,,,
,,,
,,,
,,,
,,,
,,,
,,,
,,,
,,,
,,,
,,,
,,,
,,,
,,,
,,,
,,,
,,,
,,,
,,,
,,,
,,,
,,,
,,,
,,,
,,,
,,,
,,,
,,,
,,,
,,,
,,,
,,,
,,,
,,,
,,,
,,,
,,,
,,,
,,,
,,,
,,,
,,,
,,,
,,,
,,,
,,,
,,,
,,,
,,,
,,,
,,,
,,,
,,,
,,,
,,,
,,,
,,,
,,,
,,,
,,,
,,,
,,,
,,,
,,,
,,,
,,,
,,,
,,,
,,,
,,,
,,,
,,,
,,,
,,,
,,,
,,,
,,,
,,,
,,,
,,,
,,,
,,,
,,,
,,,
,,,
,,,
,,,
,,,
,,,
,,,
,,,
,,,
,,,
,,,
,,,
,,,
,,,
,,,